Image,url link,Description,Sc-f9184fc1-0,prices,Sc-f9184fc1-0
https://www.goldavenue.com/_next/image?url=https%3A%2F%2Fassets.goldavenue.com%2Fuploads%2Fproduct_image%2Fimage%2F611%2Fraw_webp_ZAUFS00089_1-min.webp&w=3840&q=75,https://www.goldavenue.com/en/buy/gold/product/20-gram-fine-gold-bar-999-9-pamp-suisse-lady-fortuna-veriscan,20 gram Gold Bar - PAMP Suisse Lady Fortuna,20 gram Gold Bar - PAMP Suisse Lady Fortuna,"€ 2,134.34",Add to cart
https://www.goldavenue.com/_next/image?url=https%3A%2F%2Fassets.goldavenue.com%2Fuploads%2Fproduct_image%2Fimage%2F3958%2Fraw_webp_1.webp&w=3840&q=75,https://www.goldavenue.com/en/buy/gold/product/1oz-gold-bar-lady-fortuna-carbon-reduced,1 ounce Gold Bar - Lady Fortuna Carbon Reduced - 1,1 ounce Gold Bar - Lady Fortuna Carbon Reduced,"€ 3,298.60",Add to cart
https://www.goldavenue.com/_next/image?url=https%3A%2F%2Fassets.goldavenue.com%2Fuploads%2Fproduct_image%2Fimage%2F556%2Fraw_webp_Purchase_50_grams_Fine_gold_Lady_Fortuna_-_PAMP_Swiss_-_Package-min.webp&w=3840&q=75,https://www.goldavenue.com/en/buy/gold/product/50-gram-fine-gold-bar-999-9-pamp-suisse-lady-fortuna-veriscan,Purchase 50 grams Fine gold Lady Fortuna - PAMP Swiss - Veriscan,50 gram Gold Bar - PAMP Suisse Lady Fortuna,"€ 5,298.74",Add to cart
https://www.goldavenue.com/_next/image?url=https%3A%2F%2Fassets.goldavenue.com%2Fuploads%2Fproduct_image%2Fimage%2F7%2Fraw_webp_Invest-in-100-grams-Fine-gold-Lady-Fortuna---PAMP-Swiss---package-min.webp&w=3840&q=75,https://www.goldavenue.com/en/buy/gold/product/100-gram-fine-gold-bar-999-9-pamp-suisse-lady-fortuna-veriscan,Invest in 100 grams Fine gold Lady Fortuna - PAMP Swiss - Veriscan,100 gram Gold Bar - PAMP Suisse Lady Fortuna,"€ 10,540.45",Add to cart
https://www.goldavenue.com/_next/image?url=https%3A%2F%2Fassets.goldavenue.com%2Fuploads%2Fproduct_image%2Fimage%2F544%2Fraw_webp_ZAUFS00105_1.webp&w=3840&q=75,https://www.goldavenue.com/en/buy/gold/product/250-gram-fine-gold-bar-999-9-pamp-suisse-lady-fortuna,250 gram Gold Bar - PAMP Suisse Lady Fortuna,250 gram Gold Bar - PAMP Suisse Lady Fortuna,"€ 26,624.04",Add to cart
https://www.goldavenue.com/_next/image?url=https%3A%2F%2Fassets.goldavenue.com%2Fuploads%2Fproduct_image%2Fimage%2F3362%2Fraw_webp_c6a13a3918d71d6949de134b059d1073387b4aa3-900x900.webp&w=3840&q=75,https://www.goldavenue.com/en/buy/gold/product/500-gram-fine-gold-bar-999-9-pamp-suisse-lady-fortuna,500 gram Gold Bar - PAMP Suisse Lady Fortuna,500 gram Gold Bar - PAMP Suisse Lady Fortuna,"€ 52,802.42",Add to cart
https://www.goldavenue.com/_next/image?url=https%3A%2F%2Fassets.goldavenue.com%2Fuploads%2Fproduct_image%2Fimage%2F3443%2Fraw_webp_059acae399f41c350a650cc27b581a25d74af498-1080x1080.webp&w=3840&q=75,https://www.goldavenue.com/en/buy/gold/product/12x1-gram-multigram-fine-gold-bar-999-9-pamp-suisse-lady-fortuna-veriscan,12x1 gram multigram Gold Bar - PAMP Suisse Lady Fortuna,12x1 gram multigram Gold Bar - PAMP Suisse Lady Fortuna,"€ 1,608.91",Add to cart
https://www.goldavenue.com/_next/image?url=https%3A%2F%2Fassets.goldavenue.com%2Fuploads%2Fproduct_image%2Fimage%2F601%2Fraw_webp_Invest_in_25x1_gram_Fine_gold_Lady_Fortuna_-_PAMP_Swiss_-_Package-min.webp&w=3840&q=75,https://www.goldavenue.com/en/buy/gold/product/25x1-gramm-multigramm-feingoldbarren-999-9-pamp-suisse-lady-fortuna-veriscan,Invest in 25x1 gram Fine gold Lady Fortuna - PAMP Swiss - Veriscan,25x1 gram multigram Gold Bar - PAMP Suisse Lady Fortuna,"€ 2,810.19",Add to cart
https://www.goldavenue.com/_next/image?url=https%3A%2F%2Fassets.goldavenue.com%2Fuploads%2Fproduct_image%2Fimage%2F1937%2Fraw_webp_monsterbox_swisspamp.webp&w=3840&q=75,https://www.goldavenue.com/en/buy/gold/product/25-oz-gold-bar-monster-box-pamp-suisse,25 x 1 ounce Gold Bar Monster Box - PAMP Suisse,25 x 1 ounce Gold Bar Monster Box - PAMP Suisse,"€ 82,068.57",Add to cart
https://www.goldavenue.com/_next/image?url=https%3A%2F%2Fassets.goldavenue.com%2Fuploads%2Fproduct_image%2Fimage%2F1647%2Fraw_webp_OBV_certipamp.webp&w=3840&q=75,https://www.goldavenue.com/en/buy/gold/product/1-oz-fine-gold-bar-999-9-pamp-suisse,1 ounce Gold Bar - PAMP Suisse,1 ounce Gold Bar - PAMP Suisse,"€ 3,288.60",Add to cart
https://www.goldavenue.com/_next/image?url=https%3A%2F%2Fassets.goldavenue.com%2Fuploads%2Fproduct_image%2Fimage%2F1037%2Fraw_webp_Buy-1-oz-Fine-gold-Swiss-New-PAMP-Swiss---Back-min.webp&w=3840&q=75,https://www.goldavenue.com/en/buy/gold/product/1-oz-fine-gold-bar-999-9-pamp-suisse-new-design,Invest in 1 oz Fine gold Swiss New - PAMP Swiss,1 ounce Gold Bar - 1st edition PAMP Suisse,"€ 3,365.06",Add to cart
https://www.goldavenue.com/_next/image?url=https%3A%2F%2Fassets.goldavenue.com%2Fuploads%2Fproduct_image%2Fimage%2F2759%2Fraw_webp_06e53d9f326b464a480dadb60436285c-min.webp&w=3840&q=75,https://www.goldavenue.com/en/buy/gold/product/1-gram-gold-bar-c-hafner,1 gram Gold Bar - C. Hafner,1 gram Gold Bar - C. Hafner,€ 124.11,Add to cart
https://www.goldavenue.com/_next/image?url=https%3A%2F%2Fassets.goldavenue.com%2Fuploads%2Fproduct_image%2Fimage%2F2757%2Fraw_webp_gold-bar-5-gram-c-hafner--min.webp&w=3840&q=75,https://www.goldavenue.com/en/buy/gold/product/5-gram-gold-bar-c-hafner,5 gram Gold Bar - C. Hafner,5 gram Gold Bar - C. Hafner,€ 557.15,Add to cart
https://www.goldavenue.com/_next/image?url=https%3A%2F%2Fassets.goldavenue.com%2Fuploads%2Fproduct_image%2Fimage%2F2755%2Fraw_webp_459d5e1e3b4db68355d6336b13f6c5f3-min.webp&w=3840&q=75,https://www.goldavenue.com/en/buy/gold/product/10-gram-gold-bar-c-hafner,10 gram Gold Bar - C. Hafner,10 gram Gold Bar - C. Hafner,"€ 1,080.52",Add to cart
https://www.goldavenue.com/_next/image?url=https%3A%2F%2Fassets.goldavenue.com%2Fuploads%2Fproduct_image%2Fimage%2F2379%2Fraw_webp_GOLD-1gr-card-front-1.webp&w=3840&q=75,https://www.goldavenue.com/en/buy/gold/product/1-gram-gold-bar-argor-heraeus,1 gram Gold Bar - Argor-Heraeus,1 gram Gold Bar - Argor-Heraeus,€ 122.71,Add to cart
https://www.goldavenue.com/_next/image?url=https%3A%2F%2Fassets.goldavenue.com%2Fuploads%2Fproduct_image%2Fimage%2F2646%2Fraw_webp_2g_Goldbarren_Argor_Heraus_1-min.webp&w=3840&q=75,https://www.goldavenue.com/en/buy/gold/product/2-gram-gold-bar-argor-heraeus,2 gram Gold Bar - Argor-Heraeus,2 gram Gold Bar - Argor-Heraeus,€ 226.94,Preorder
https://www.goldavenue.com/_next/image?url=https%3A%2F%2Fassets.goldavenue.com%2Fuploads%2Fproduct_image%2Fimage%2F2383%2Fraw_webp_GOLD-5-Gr-card-front.webp&w=3840&q=75,https://www.goldavenue.com/en/buy/gold/product/5-gram-gold-bar-argor-heraeus,5 gram Gold Bar - Argor-Heraeus,5 gram Gold Bar - Argor-Heraeus,€ 549.93,Add to cart
https://www.goldavenue.com/_next/image?url=https%3A%2F%2Fassets.goldavenue.com%2Fuploads%2Fproduct_image%2Fimage%2F2387%2Fraw_webp_GOLD-10Gr-card_front.webp&w=3840&q=75,https://www.goldavenue.com/en/buy/gold/product/10-gram-gold-bar-argor-heraeus,10 gram Gold Bar - Argor-Heraeus,10 gram Gold Bar - Argor-Heraeus,"€ 1,077.85",Add to cart
https://www.goldavenue.com/_next/image?url=https%3A%2F%2Fassets.goldavenue.com%2Fuploads%2Fproduct_image%2Fimage%2F2393%2Fraw_webp_GOLD-20-Gr-card_front.webp&w=3840&q=75,https://www.goldavenue.com/en/buy/gold/product/20-gram-gold-bar-argor-heraeus,20 gram Gold Bar - Argor-Heraeus,20 gram Gold Bar - Argor-Heraeus,"€ 2,145.84",Add to cart
https://www.goldavenue.com/_next/image?url=https%3A%2F%2Fassets.goldavenue.com%2Fuploads%2Fproduct_image%2Fimage%2F2397%2Fraw_webp_GOLD-1-OUNCE-card_front.webp&w=3840&q=75,https://www.goldavenue.com/en/buy/gold/product/1-ounce-gold-bar-argor-heraeus,1 ounce Gold Bar - Argor-Heraeus,1 ounce Gold Bar - Argor-Heraeus,"€ 3,316.48",Add to cart
https://www.goldavenue.com/_next/image?url=https%3A%2F%2Fassets.goldavenue.com%2Fuploads%2Fproduct_image%2Fimage%2F2417%2Fraw_webp_GOLD-50Gr-card_front.webp&w=3840&q=75,https://www.goldavenue.com/en/buy/gold/product/50-gram-gold-bar-argor-heraeus,50 gram Gold Bar - Argor-Heraeus,50 gram Gold Bar - Argor-Heraeus,"€ 5,358.14",Add to cart
https://www.goldavenue.com/_next/image?url=https%3A%2F%2Fassets.goldavenue.com%2Fuploads%2Fproduct_image%2Fimage%2F2421%2Fraw_webp_GOLD-100-Gr-card_front.webp&w=3840&q=75,https://www.goldavenue.com/en/buy/gold/product/100-gram-gold-bar-argor-heraeus,100 gram Gold Bar - Argor-Heraeus,100 gram Gold Bar - Argor-Heraeus,"€ 10,598.93",Add to cart
https://www.goldavenue.com/_next/image?url=https%3A%2F%2Fassets.goldavenue.com%2Fuploads%2Fproduct_image%2Fimage%2F2625%2Fraw_webp_1g_Goldbarren_Heraus__1-min.webp&w=3840&q=75,https://www.goldavenue.com/en/buy/gold/product/1-gram-gold-bar-heraeus,1 gram Gold Bar - Heraeus,1 gram Gold Bar - Heraeus,€ 122.67,Add to cart
https://www.goldavenue.com/_next/image?url=https%3A%2F%2Fassets.goldavenue.com%2Fuploads%2Fproduct_image%2Fimage%2F2626%2Fraw_webp_5g_Goldbarren_heraus_3-min.webp&w=3840&q=75,https://www.goldavenue.com/en/buy/gold/product/5-gram-gold-bar-heraeus,5 gram Gold Bar - Heraeus,5 gram Gold Bar - Heraeus,€ 552.11,Add to cart
https://www.goldavenue.com/_next/image?url=https%3A%2F%2Fassets.goldavenue.com%2Fuploads%2Fproduct_image%2Fimage%2F2617%2Fraw_webp_5_Gramm_Kinebarren_Gold__Heraus_2-min.webp&w=3840&q=75,https://www.goldavenue.com/en/buy/gold/product/5-gram-gold-bar-heraeus-kinebar-series,5 gram Gold Bar - Heraeus - Kinebar series,5 gram Gold Bar - Heraeus - Kinebar series,€ 555.09,Add to cart
https://www.goldavenue.com/_next/image?url=https%3A%2F%2Fassets.goldavenue.com%2Fuploads%2Fproduct_image%2Fimage%2F2619%2Fraw_webp_10_Gramm_Kinebarren_Gold__Heraus_2-min.webp&w=3840&q=75,https://www.goldavenue.com/en/buy/gold/product/10-gram-gold-bar-heraeus-kinebar-series,10 gram Gold Bar - Heraeus - Kinebar series,10 gram Gold Bar - Heraeus - Kinebar series,"€ 1,089.68",Add to cart
https://www.goldavenue.com/_next/image?url=https%3A%2F%2Fassets.goldavenue.com%2Fuploads%2Fproduct_image%2Fimage%2F2621%2Fraw_webp_20_Gramm_Kinebarren_Gold__Heraus_2-min.webp&w=3840&q=75,https://www.goldavenue.com/en/buy/gold/product/20-gram-gold-bar-heraeus-kinebar-series,20 gram Gold Bar - Heraeus - Kinebar series,20 gram Gold Bar - Heraeus - Kinebar series,"€ 2,139.74",Add to cart
https://www.goldavenue.com/_next/image?url=https%3A%2F%2Fassets.goldavenue.com%2Fuploads%2Fproduct_image%2Fimage%2F2604%2Fraw_webp_1g_Goldbarren_Umicore_1-min.webp&w=3840&q=75,https://www.goldavenue.com/en/buy/gold/product/1-gram-gold-bar-umicore,1 gram Gold Bar - Umicore,1 gram Gold Bar - Umicore,€ 121.57,Add to cart
https://www.goldavenue.com/_next/image?url=https%3A%2F%2Fassets.goldavenue.com%2Fuploads%2Fproduct_image%2Fimage%2F2607%2Fraw_webp_10g_Goldbarren_Umicore_1-min.webp&w=3840&q=75,https://www.goldavenue.com/en/buy/gold/product/10-gram-gold-bar-umicore,10 gram Gold Bar - Umicore,10 gram Gold Bar - Umicore,"€ 1,080.77",Add to cart
https://www.goldavenue.com/_next/image?url=https%3A%2F%2Fassets.goldavenue.com%2Fuploads%2Fproduct_image%2Fimage%2F2761%2Fraw_webp_s-l1600-min.webp&w=3840&q=75,https://www.goldavenue.com/en/buy/gold/product/25x1-gram-gold-bar-unity-bar-heimerle-meule,25x1 gram Gold Bar - Unity Bar Heimerle + Meule,25x1 gram Gold Bar - Unity Bar Heimerle + Meule,"€ 2,768.49",Add to cart
https://www.goldavenue.com/_next/image?url=https%3A%2F%2Fassets.goldavenue.com%2Fuploads%2Fproduct_image%2Fimage%2F2179%2Fraw_webp_1oz_canadianmint_gold_1-min__1_.webp&w=3840&q=75,https://www.goldavenue.com/en/buy/gold/product/1-oz-gold-bar-royal-canadian-mint,1 ounce Gold Bar - Royal Canadian Mint,1 ounce Gold Bar - Royal Canadian Mint,"€ 3,292.44",Add to cart
https://www.goldavenue.com/_next/image?url=https%3A%2F%2Fassets.goldavenue.com%2Fuploads%2Fproduct_image%2Fimage%2F2072%2Fraw_webp_01-gold-mintedbar-1g-packaging-reverse-highres-min.webp&w=3840&q=75,https://www.goldavenue.com/en/buy/gold/product/1-gram-gold-bar-the-perth-mint,1 gram Gold Bar - The Perth Mint,1 gram Gold Bar - The Perth Mint,€ 123.70,Add to cart
https://www.goldavenue.com/_next/image?url=https%3A%2F%2Fassets.goldavenue.com%2Fuploads%2Fproduct_image%2Fimage%2F2076%2Fraw_webp_03-gold-mintedbar-5g-packaging-reverse-highres__1_-min.webp&w=3840&q=75,https://www.goldavenue.com/en/buy/gold/product/5-gram-gold-bar-the-perth-mint,5 gram Gold Bar - The Perth Mint,5 gram Gold Bar - The Perth Mint,€ 547.65,Add to cart
https://www.goldavenue.com/_next/image?url=https%3A%2F%2Fassets.goldavenue.com%2Fuploads%2Fproduct_image%2Fimage%2F2084%2Fraw_webp_05-gold-mintedbar-20g-packaging-reverse-highres-min.webp&w=3840&q=75,https://www.goldavenue.com/en/buy/gold/product/20-gram-gold-bar-the-perth-mint,20 gram Gold Bar - The Perth Mint,20 gram Gold Bar - The Perth Mint,"€ 2,141.18",Add to cart
https://www.goldavenue.com/_next/image?url=https%3A%2F%2Fassets.goldavenue.com%2Fuploads%2Fproduct_image%2Fimage%2F2088%2Fraw_webp_07-gold-mintedbar-1oz-packaging-reverse-highres__1_-min.webp&w=3840&q=75,https://www.goldavenue.com/en/buy/gold/product/1-oz-gold-bar-the-perth-mint,1 ounce Gold Bar - The Perth Mint,1 ounce Gold Bar - The Perth Mint,"€ 3,284.00",Preorder
https://www.goldavenue.com/_next/image?url=https%3A%2F%2Fassets.goldavenue.com%2Fuploads%2Fproduct_image%2Fimage%2F2092%2Fraw_webp_11-gold-mintedbar-100g-packaging-reverse-highres-min.webp&w=3840&q=75,https://www.goldavenue.com/en/buy/gold/product/100-gram-gold-bar-the-perth-mint,100 gram Gold Bar - The Perth Mint,100 gram Gold Bar - The Perth Mint,"€ 10,566.81",Add to cart
https://www.goldavenue.com/_next/image?url=https%3A%2F%2Fassets.goldavenue.com%2Fuploads%2Fproduct_image%2Fimage%2F693%2Fraw_webp_Rosa_Gold_Rectangular_Ingot_1g_1-min.webp&w=3840&q=75,https://www.goldavenue.com/en/buy/gold/product/1-gram-fine-gold-bar-999-9-pamp-suisse-rosa,Invest in 1 gram Fine Gold Rosa - PAMP Swiss - Pack Front,1 gram Gold Bar - PAMP Suisse Rosa,€ 129.61,Add to cart
https://www.goldavenue.com/_next/image?url=https%3A%2F%2Fassets.goldavenue.com%2Fuploads%2Fproduct_image%2Fimage%2F689%2Fraw_webp_Rosa_Gold_Rectangular_Ingot_2-min.webp&w=3840&q=75,https://www.goldavenue.com/en/buy/gold/product/2-5-gram-fine-gold-bar-999-9-pamp-suisse-rosa,Invest in 2.5 gram Fine Gold Rosa - PAMP Swiss - Pack Front,2.5 gram Gold Bar - PAMP Suisse Rosa,€ 292.55,Add to cart
https://www.goldavenue.com/_next/image?url=https%3A%2F%2Fassets.goldavenue.com%2Fuploads%2Fproduct_image%2Fimage%2F685%2Fraw_webp_Rosa_Gold_Rectangular_Ingot_5g_1-min.webp&w=3840&q=75,https://www.goldavenue.com/en/buy/gold/product/5-gram-fine-gold-bar-999-9-pamp-suisse-rosa,Invest in 5 gram Fine Gold Rosa - PAMP Swiss - Pack Front,5 gram Gold Bar - PAMP Suisse Rosa,€ 552.47,Add to cart
https://www.goldavenue.com/_next/image?url=https%3A%2F%2Fassets.goldavenue.com%2Fuploads%2Fproduct_image%2Fimage%2F681%2Fraw_webp_Rosa_10g_CertiPAMP_Reverse.webp&w=3840&q=75,https://www.goldavenue.com/en/buy/gold/product/10-gram-fine-gold-bar-999-9-pamp-suisse-rosa,Invest in 10 gram Fine Gold Rosa - PAMP Swiss - Pack Front,10 gram Gold Bar - PAMP Suisse Rosa,"€ 1,094.45",Add to cart
https://www.goldavenue.com/_next/image?url=https%3A%2F%2Fassets.goldavenue.com%2Fuploads%2Fproduct_image%2Fimage%2F677%2Fraw_webp_Rosa_20g_CertiPAMP_Reverse.webp&w=3840&q=75,https://www.goldavenue.com/en/buy/gold/product/20-gram-fine-gold-bar-999-9-pamp-suisse-rosa,Invest in 20 gram Fine Gold Rosa - PAMP Swiss - Pack Front,20 gram Gold Bar - PAMP Suisse Rosa,"€ 2,151.67",Add to cart
https://www.goldavenue.com/_next/image?url=https%3A%2F%2Fassets.goldavenue.com%2Fuploads%2Fproduct_image%2Fimage%2F3473%2Fraw_webp_20gGB_V2-min.webp&w=3840&q=75,https://www.goldavenue.com/en/buy/gold/product/20-gram-gold-bar-random-mint,20 gram Gold Bar - Random Mint -1,20 gram Gold Bar - Random Mint,"€ 2,132.00",Add to cart
https://www.goldavenue.com/_next/image?url=https%3A%2F%2Fassets.goldavenue.com%2Fuploads%2Fproduct_image%2Fimage%2F3474%2Fraw_webp_1ozGB_v2-min.webp&w=3840&q=75,https://www.goldavenue.com/en/buy/gold/product/1-ounce-gold-bar-random-mint,1 ounce Gold Bar - Random Mint -1,1 ounce Gold Bar - Random Mint,"€ 3,285.36",Add to cart
https://www.goldavenue.com/_next/image?url=https%3A%2F%2Fassets.goldavenue.com%2Fuploads%2Fproduct_image%2Fimage%2F3389%2Fraw_webp_e8eb129a56415f9948e52ff84ba2712b3f7be506-900x900.webp&w=3840&q=75,https://www.goldavenue.com/en/buy/gold/product/1-gram-fine-gold-bar-999-9-pamp-suisse-lady-fortuna-veriscan,1 gram Gold Bar - PAMP Suisse Lady Fortuna,1 gram Gold Bar - PAMP Suisse Lady Fortuna,€ 119.75,Add to cart
https://www.goldavenue.com/_next/image?url=https%3A%2F%2Fassets.goldavenue.com%2Fuploads%2Fproduct_image%2Fimage%2F552%2Fraw_webp_Purchase-2_5-grams-Fine-gold-Lady-Fortuna---PAMP-Swiss---Package-min__1_.webp&w=3840&q=75,https://www.goldavenue.com/en/buy/gold/product/2-5-gram-fine-gold-bar-999-9-pamp-suisse-lady-fortuna-veriscan,"Purchase 2,5 grams Fine gold Lady Fortuna - PAMP Swiss - Veriscan",2.5 gram Gold Bar - PAMP Suisse Lady Fortuna,€ 284.62,Add to cart
https://www.goldavenue.com/_next/image?url=https%3A%2F%2Fassets.goldavenue.com%2Fuploads%2Fproduct_image%2Fimage%2F537%2Fraw_webp_Buy-5-grams-Fine-gold-Lady-Fortuna---PAMP-Swiss---Package-min.webp&w=3840&q=75,https://www.goldavenue.com/en/buy/gold/product/5-gram-fine-gold-bar-999-9-pamp-suisse-lady-fortuna-veriscan,Buy 5 grams Fine gold Lady Fortuna - PAMP Swiss - Veriscan,5 gram Gold Bar - PAMP Suisse Lady Fortuna,€ 548.29,Add to cart
https://www.goldavenue.com/_next/image?url=https%3A%2F%2Fassets.goldavenue.com%2Fuploads%2Fproduct_image%2Fimage%2F1606%2Fraw_webp_Buy-10-grams-Fine-gold-Lady-Fortuna---PAMP-Swiss---Package__1_-min.webp&w=3840&q=75,https://www.goldavenue.com/en/buy/gold/product/10-gram-fine-gold-bar-999-9-pamp-suisse-lady-fortuna-veriscan,Black Friday offer Purchase 10 grams Fine gold Lady Fortuna - PAMP Swiss - Front,10 gram Gold Bar - PAMP Suisse Lady Fortuna,"€ 1,075.15",Add to cart
https://www.goldavenue.com/_next/image?url=https%3A%2F%2Fassets.goldavenue.com%2Fuploads%2Fproduct_image%2Fimage%2F3770%2Fraw_webp_1.webp&w=3840&q=75,https://www.goldavenue.com/en/buy/gold/product/1899-helvetia-vreneli-gold-coin-20-swiss-francs,1899 Helvetia Vreneli Gold Coin - 20 Swiss Francs - 1,1899 Helvetia Vreneli Gold Coin - 20 Swiss Francs,Out of stock,
https://www.goldavenue.com/_next/image?url=https%3A%2F%2Fassets.goldavenue.com%2Fuploads%2Fproduct_image%2Fimage%2F3772%2Fraw_webp_1.webp&w=3840&q=75,https://www.goldavenue.com/en/buy/gold/product/1900-helvetia-vreneli-gold-coin-20-swiss-francs,1900 Helvetia Vreneli Gold Coin - 20 Swiss Francs  - 1,1900 Helvetia Vreneli Gold Coin - 20 Swiss Francs,Out of stock,
https://www.goldavenue.com/_next/image?url=https%3A%2F%2Fassets.goldavenue.com%2Fuploads%2Fproduct_image%2Fimage%2F3774%2Fraw_webp_1.webp&w=3840&q=75,https://www.goldavenue.com/en/buy/gold/product/1901-helvetia-vreneli-gold-coin-20-swiss-francs,1901 Helvetia Vreneli Gold Coin - 20 Swiss Francs - 1,1901 Helvetia Vreneli Gold Coin - 20 Swiss Francs,Out of stock,
https://www.goldavenue.com/_next/image?url=https%3A%2F%2Fassets.goldavenue.com%2Fuploads%2Fproduct_image%2Fimage%2F3776%2Fraw_webp_1.webp&w=3840&q=75,https://www.goldavenue.com/en/buy/gold/product/1902-helvetia-vreneli-gold-coin-20-swiss-francs,1902 Helvetia Vreneli Gold Coin - 20 Swiss Francs - 1,1902 Helvetia Vreneli Gold Coin - 20 Swiss Francs,Out of stock,
https://www.goldavenue.com/_next/image?url=https%3A%2F%2Fassets.goldavenue.com%2Fuploads%2Fproduct_image%2Fimage%2F3778%2Fraw_webp_1.webp&w=3840&q=75,https://www.goldavenue.com/en/buy/gold/product/1903-helvetia-vreneli-gold-coin-20-swiss-francs,1903 Helvetia Vreneli Gold Coin - 20 Swiss Francs  - 1,1903 Helvetia Vreneli Gold Coin - 20 Swiss Francs,Out of stock,
https://www.goldavenue.com/_next/image?url=https%3A%2F%2Fassets.goldavenue.com%2Fuploads%2Fproduct_image%2Fimage%2F3780%2Fraw_webp_1.webp&w=3840&q=75,https://www.goldavenue.com/en/buy/gold/product/1906-helvetia-vreneli-gold-coin-20-swiss-francs,1906 Helvetia Vreneli  Gold Coin - 20 Swiss Francs - 1,1906 Helvetia Vreneli  Gold Coin - 20 Swiss Francs,Out of stock,
https://www.goldavenue.com/_next/image?url=https%3A%2F%2Fassets.goldavenue.com%2Fuploads%2Fproduct_image%2Fimage%2F3782%2Fraw_webp_1.webp&w=3840&q=75,https://www.goldavenue.com/en/buy/gold/product/1907-helvetia-vreneli-gold-coin-20-swiss-francs,1907 Helvetia Vreneli  Gold Coin - 20 Swiss Francs - 1,1907 Helvetia Vreneli  Gold Coin - 20 Swiss Francs,Out of stock,
https://www.goldavenue.com/_next/image?url=https%3A%2F%2Fassets.goldavenue.com%2Fuploads%2Fproduct_image%2Fimage%2F3784%2Fraw_webp_1.webp&w=3840&q=75,https://www.goldavenue.com/en/buy/gold/product/1908-helvetia-vreneli-gold-coin-20-swiss-francs,1908 Helvetia Vreneli  Gold Coin - 20 Swiss Francs - 1,1908 Helvetia Vreneli  Gold Coin - 20 Swiss Francs,Out of stock,
https://www.goldavenue.com/_next/image?url=https%3A%2F%2Fassets.goldavenue.com%2Fuploads%2Fproduct_image%2Fimage%2F3786%2Fraw_webp_1.webp&w=3840&q=75,https://www.goldavenue.com/en/buy/gold/product/1909-helvetia-vreneli-gold-coin-20-swiss-francs,1909 Helvetia Vreneli  Gold Coin - 20 Swiss Francs - 1,1909 Helvetia Vreneli  Gold Coin - 20 Swiss Francs,Out of stock,
https://www.goldavenue.com/_next/image?url=https%3A%2F%2Fassets.goldavenue.com%2Fuploads%2Fproduct_image%2Fimage%2F3804%2Fraw_webp_1.webp&w=3840&q=75,https://www.goldavenue.com/en/buy/gold/product/1925-helvetia-vreneli-gold-coin-20-swiss-francs,1925 Helvetia Vreneli  Gold Coin - 20 Swiss Francs  - 1,1925 Helvetia Vreneli  Gold Coin - 20 Swiss Francs,Out of stock,
https://www.goldavenue.com/_next/image?url=https%3A%2F%2Fassets.goldavenue.com%2Fuploads%2Fproduct_image%2Fimage%2F915%2Fraw_webp_100-Francs-Napoleon-III-laure-1869-min.webp&w=3840&q=75,https://www.goldavenue.com/en/buy/gold/product/fine-gold-coin-900-0-100-francs-napoleon-iii-tete-lauree-1869-a,100 Francs Gold Coin - Napoléon III Tête Laurée 1869 A,100 Francs Gold Coin - Napoléon III Tête Laurée 1869 A,Out of stock,
https://www.goldavenue.com/_next/image?url=https%3A%2F%2Fassets.goldavenue.com%2Fuploads%2Fproduct_image%2Fimage%2F3982%2Fraw_webp_98b15166c90074d6b86d9a776756aadeff4020e7-900x900.webp&w=3840&q=75,https://www.goldavenue.com/en/buy/gold/product/fine-gold-coin-900-0-100-francs-napoleon-iii-tete-lauree-1868-a,Fine Gold Coin 900.0 - 100 Francs Napoléon III Tête Laurée 1868 A,Fine Gold Coin 900.0 - 100 Francs Napoléon III Tête Laurée 1868 A,Out of stock,
https://www.goldavenue.com/_next/image?url=https%3A%2F%2Fassets.goldavenue.com%2Fuploads%2Fproduct_image%2Fimage%2F3675%2Fraw_webp_1.webp&w=3840&q=75,https://www.goldavenue.com/en/buy/gold/product/50-french-francs-gold-coin-napoleon-iii-1855-1860,50 French Francs Gold Coin - 1855-1860 Napoléon III - 1,50 French Francs Gold Coin - 1855-1860 Napoléon III,Out of stock,
https://www.goldavenue.com/_next/image?url=https%3A%2F%2Fassets.goldavenue.com%2Fuploads%2Fproduct_image%2Fimage%2F3538%2Fraw_webp_1.webp&w=3840&q=75,https://www.goldavenue.com/en/buy/gold/product/100-french-francs-gold-coin-1878-1914-lucky-angel,100 French Francs Gold Coin - 1878-1914 Lucky Angel - 1,100 French Francs Gold Coin - 1878-1914 Lucky Angel,Out of stock,
https://www.goldavenue.com/_next/image?url=https%3A%2F%2Fassets.goldavenue.com%2Fuploads%2Fproduct_image%2Fimage%2F1663%2Fraw_webp_cub10_recto2.webp&w=3840&q=75,https://www.goldavenue.com/en/buy/gold/product/cuba-10-pesos-jose-marti-1915-1916-fine-gold-coin,10 Pesos Gold Coin - Cuba (José Marti) 1915-1916,10 Pesos Gold Coin - Cuba (José Marti) 1915-1916,Out of stock,
https://www.goldavenue.com/_next/image?url=https%3A%2F%2Fassets.goldavenue.com%2Fuploads%2Fproduct_image%2Fimage%2F4084%2Fraw_webp_1.webp&w=3840&q=75,https://www.goldavenue.com/en/buy/gold/product/maltese-cross-2025-1-10oz-gold-coin,1/10 ounce Gold Coin  - Maltese Cross 2025 - 1,1/10 ounce Gold Coin  - Maltese Cross 2025,Out of stock,
https://www.goldavenue.com/_next/image?url=https%3A%2F%2Fassets.goldavenue.com%2Fuploads%2Fproduct_image%2Fimage%2F4082%2Fraw_webp_1.webp&w=3840&q=75,https://www.goldavenue.com/en/buy/gold/product/maltese-cross-2025-1-4oz-gold-coin,1/4 ounce Gold Coin  - Maltese Cross 2025 - 1,1/4 ounce Gold Coin  - Maltese Cross 2025,Out of stock,
https://www.goldavenue.com/_next/image?url=https%3A%2F%2Fassets.goldavenue.com%2Fuploads%2Fproduct_image%2Fimage%2F4080%2Fraw_webp_1.webp&w=3840&q=75,https://www.goldavenue.com/en/buy/gold/product/maltese-cross-2025-1-2oz-gold-coin,1/2 ounce Gold Coin  - Maltese Cross 2025 - 1,1/2 ounce Gold Coin  - Maltese Cross 2025,Out of stock,
https://www.goldavenue.com/_next/image?url=https%3A%2F%2Fassets.goldavenue.com%2Fuploads%2Fproduct_image%2Fimage%2F4078%2Fraw_webp_1.webp&w=3840&q=75,https://www.goldavenue.com/en/buy/gold/product/maltese-cross-2025-1oz-gold-coin,1 ounce Gold Coin  - Maltese Cross 2025 - 1,1 ounce Gold Coin  - Maltese Cross 2025,Out of stock,
https://www.goldavenue.com/_next/image?url=https%3A%2F%2Fassets.goldavenue.com%2Fuploads%2Fproduct_image%2Fimage%2F4230%2Fraw_webp_1.webp&w=3840&q=75,https://www.goldavenue.com/en/buy/gold/product/1-ounce-gold-coin-disney-scrooge-mcduck-2025,1 ounce Gold Coin - Disney Scrooge McDuck 2025 - 1,1 ounce Gold Coin - Disney Scrooge McDuck 2025,Out of stock,
https://www.goldavenue.com/_next/image?url=https%3A%2F%2Fassets.goldavenue.com%2Fuploads%2Fproduct_image%2Fimage%2F3448%2Fraw_webp_53da84db2610a83cdc0f44e8428115a27242840f-900x900.webp&w=3840&q=75,https://www.goldavenue.com/en/buy/gold/product/1-20-oz-fine-gold-coin-999-9-lunar-pig-bu-2019,1/20 ounce Gold - Lunar Pig BU 2019,1/20 ounce Gold - Lunar Pig BU 2019,Out of stock,
https://www.goldavenue.com/_next/image?url=https%3A%2F%2Fassets.goldavenue.com%2Fuploads%2Fproduct_image%2Fimage%2F3385%2Fraw_webp_c2fd351276719eb572b6feaf2ef424a4f295b415-1588x1588.webp&w=3840&q=75,https://www.goldavenue.com/en/buy/gold/product/100-gram-fine-gold-bar-999-9-pamp-suisse-lunar-dragon,100 gram Gold Bar - PAMP Suisse Lunar Dragon 2012,100 gram Gold Bar - PAMP Suisse Lunar Dragon 2012,Out of stock,
https://www.goldavenue.com/_next/image?url=https%3A%2F%2Fassets.goldavenue.com%2Fuploads%2Fproduct_image%2Fimage%2F3872%2Fraw_webp_1.webp&w=3840&q=75,https://www.goldavenue.com/en/buy/gold/product/1-oz-gold-coin-ms70-pcgs-american-eagle-2025,1 ounce Gold Coin - MS-70 PCGS - American Eagle 2025 - 1,1 ounce Gold Coin - MS-70 PCGS - American Eagle 2025,Out of stock,
