Image,Sc-88f61234-0 URL,Description,Sc-f9184fc1-0,Sc-f9184fc1-0,Sc-f9184fc1-0
https://www.goldmint.com/_next/image?url=https%3A%2F%2Fassets.goldmint.com%2Fuploads%2Fproduct_image%2Fimage%2F3483%2Fraw_webp_1ozSB_v1-min.webp&w=3840&q=75,https://www.goldmint.com/en/buy/silver/product/1-ounce-silver-bar-random-mint,1 ounce Silver Bar - Random Mint -1,1 ounce Silver Bar - Random Mint,� 53.35,Add to cart
https://www.goldmint.com/_next/image?url=https%3A%2F%2Fassets.goldmint.com%2Fuploads%2Fproduct_image%2Fimage%2F3484%2Fraw_webp_100gSB_v1-min__1_.webp&w=3840&q=75,https://www.goldmint.com/en/buy/silver/product/100-gram-silver-bar-random-mint,100 gram Silver Bar - Random Mint -1,100 gram Silver Bar - Random Mint,� 160.07,Preorder
https://www.goldmint.com/_next/image?url=https%3A%2F%2Fassets.goldmint.com%2Fuploads%2Fproduct_image%2Fimage%2F3486%2Fraw_webp_250SB_v2-min.webp&w=3840&q=75,https://www.goldmint.com/en/buy/silver/product/250-gram-silver-bar-random-mint,250 gram Silver Bar - Random Mint -1,250 gram Silver Bar - Random Mint,� 371.50,Add to cart
https://www.goldmint.com/_next/image?url=https%3A%2F%2Fassets.goldmint.com%2Fuploads%2Fproduct_image%2Fimage%2F3487%2Fraw_webp_10ozSB_v1-min.webp&w=3840&q=75,https://www.goldmint.com/en/buy/silver/product/10-ounce-silver-bar-random-mint,10 ounce Silver Bar - Random Mint -1,10 ounce Silver Bar - Random Mint,� 451.46,Add to cart
https://www.goldmint.com/_next/image?url=https%3A%2F%2Fassets.goldmint.com%2Fuploads%2Fproduct_image%2Fimage%2F3488%2Fraw_webp_500gSB_v2.webp&w=3840&q=75,https://www.goldmint.com/en/buy/silver/product/500-gram-silver-bar-random-mint,500 gram Silver Bar - Random Mint -1,500 gram Silver Bar - Random Mint,� 711.79,Add to cart
https://www.goldmint.com/_next/image?url=https%3A%2F%2Fassets.goldmint.com%2Fuploads%2Fproduct_image%2Fimage%2F3489%2Fraw_webp_1kgSB_v3-min.webp&w=3840&q=75,https://www.goldmint.com/en/buy/silver/product/1-kilogram-silver-bar-random-mint,1 kilogram Silver Bar - Random Mint -1,1 kilogram Silver Bar - Random Mint,"� 1,408.39",Add to cart
https://www.goldmint.com/_next/image?url=https%3A%2F%2Fassets.goldmint.com%2Fuploads%2Fproduct_image%2Fimage%2F3490%2Fraw_webp_100ozSB-min.webp&w=3840&q=75,https://www.goldmint.com/en/buy/silver/product/100-ounce-silver-bar-random-mint,100 ounce Silver Bar - Random Mint -1,100 ounce Silver Bar - Random Mint,"� 4,319.07",Add to cart
https://www.goldmint.com/_next/image?url=https%3A%2F%2Fassets.goldmint.com%2Fuploads%2Fproduct_image%2Fimage%2F3491%2Fraw_webp_5kgSB-min.webp&w=3840&q=75,https://www.goldmint.com/en/buy/silver/product/5-kilogram-silver-bar-random-mint,5 kilogram Silver Bar - Random Mint -1,5 kilogram Silver Bar - Random Mint,"� 7,007.53",Add to cart
https://www.goldmint.com/_next/image?url=https%3A%2F%2Fassets.goldmint.com%2Fuploads%2Fproduct_image%2Fimage%2F1918%2Fraw_webp_Invest_in_500_grams_Fine_Silver_Cast_Bar_-_PAMP_Suisse_-_Front-min.webp&w=3840&q=75,https://www.goldmint.com/en/buy/silver/product/500-gram-fine-silver-bar-999-0-pamp-suisse,500 gram Silver Bar - PAMP Suisse,500 gram Silver Bar - PAMP Suisse,� 713.68,Add to cart
https://www.goldmint.com/_next/image?url=https%3A%2F%2Fassets.goldmint.com%2Fuploads%2Fproduct_image%2Fimage%2F1527%2Fraw_webp_10oz-Front__2_-min.webp&w=3840&q=75,https://www.goldmint.com/en/buy/silver/product/10-oz-fine-silver-bar-vat-free-999-0-pamp-suisse,10 ounce Silver Bar - PAMP Suisse,10 ounce Silver Bar - PAMP Suisse,� 442.54,Preorder
https://www.goldmint.com/_next/image?url=https%3A%2F%2Fassets.goldmint.com%2Fuploads%2Fproduct_image%2Fimage%2F1364%2Fraw_webp_Invest_in_1_kg_Fine_Silver_Cast_Bar_-_PAMP_Suisse_-_Front__3_-min.webp&w=3840&q=75,https://www.goldmint.com/en/buy/silver/product/1-kg-fine-vat-free-silver-bar-999-0-pamp-suisse,1 kg Silver Bar - PAMP Suisse,1 kg Silver Bar - PAMP Suisse,"� 1,383.33",Add to cart
https://www.goldmint.com/_next/image?url=https%3A%2F%2Fassets.goldmint.com%2Fuploads%2Fproduct_image%2Fimage%2F1294%2Fraw_webp_100-oz-Fine-Silver-Bar-999-min.webp&w=3840&q=75,https://www.goldmint.com/en/buy/silver/product/100-oz-fine-silver-bar-vat-free-999-0-pamp-suisse,"Kaufen Sie Silber, 100 Unzen FeinSilberbarren - PAMP Schweiz  - VAT Free",100 ounce Silver Bar - PAMP Suisse,"� 4,340.46",Add to cart
https://www.goldmint.com/_next/image?url=https%3A%2F%2Fassets.goldmint.com%2Fuploads%2Fproduct_image%2Fimage%2F1380%2Fraw_webp_Box-open_1out-min.webp&w=3840&q=75,https://www.goldmint.com/en/buy/silver/product/monster-box-15x1-kg-fine-vat-free-silver-bars-999-0-pamp-suisse,15x1 kilogram Silver Bars  Monster Box - PAMP Suisse,15x1 kilogram Silver Bars  Monster Box - PAMP Suisse,"� 21,073.79",Add to cart
https://www.goldmint.com/_next/image?url=https%3A%2F%2Fassets.goldmint.com%2Fuploads%2Fproduct_image%2Fimage%2F1383%2Fraw_webp_Box-full02_whiteBG-min.webp&w=3840&q=75,https://www.goldmint.com/en/buy/silver/product/monster-box-500-oz-fine-vat-free-silver-bars-999-0-pamp-suisse,500 ounce Silver Bars Monster Box - PAMP Suisse,500 ounce Silver Bars Monster Box - PAMP Suisse,"� 21,648.37",Add to cart
https://www.goldmint.com/_next/image?url=https%3A%2F%2Fassets.goldmint.com%2Fuploads%2Fproduct_image%2Fimage%2F2411%2Fraw_webp_SILVER_INGOT_20g_CERTI_REV.webp&w=3840&q=75,https://www.goldmint.com/en/buy/silver/product/20-gram-silver-bar-pamp-suisse-lady-fortuna,20 gram Silver Bar - PAMP Suisse Lady Fortuna,20 gram Silver Bar - PAMP Suisse Lady Fortuna,� 52.35,Add to cart
https://www.goldmint.com/_next/image?url=https%3A%2F%2Fassets.goldmint.com%2Fuploads%2Fproduct_image%2Fimage%2F1909%2Fraw_webp_Buy_1_oz_Fine_Silver_Lady_Fortuna_-_PAMP_Suisse_-_Package-min.webp&w=3840&q=75,https://www.goldmint.com/en/buy/silver/product/1-oz-silver-bar-pamp-suisse-lady-fortuna,1 ounce Silver Bar - PAMP Suisse Lady Fortuna,1 ounce Silver Bar - PAMP Suisse Lady Fortuna,� 51.76,Add to cart
https://www.goldmint.com/_next/image?url=https%3A%2F%2Fassets.goldmint.com%2Fuploads%2Fproduct_image%2Fimage%2F1904%2Fraw_webp_Buy_100_grams_Fine_Silver_Lady_Fortuna_-_PAMP_Suisse_-_Package-min.webp&w=3840&q=75,https://www.goldmint.com/en/buy/silver/product/100-gram-fine-silver-bar-999-0-pamp-suisse-lady-fortuna,100 gram Silver Bar - PAMP Suisse Lady Fortuna,100 gram Silver Bar - PAMP Suisse Lady Fortuna,� 160.93,Preorder
https://www.goldmint.com/_next/image?url=https%3A%2F%2Fassets.goldmint.com%2Fuploads%2Fproduct_image%2Fimage%2F1987%2Fraw_webp_5oz_Silver_Lady_Fortuna_front.webp&w=3840&q=75,https://www.goldmint.com/en/buy/silver/product/5-oz-fine-silver-bar-999-0-pamp-suisse-lady-fortuna,5 ounce Silver Bar - PAMP Suisse Lady Fortuna,5 ounce Silver Bar - PAMP Suisse Lady Fortuna,� 388.24,Add to cart
https://www.goldmint.com/_next/image?url=https%3A%2F%2Fassets.goldmint.com%2Fuploads%2Fproduct_image%2Fimage%2F2345%2Fraw_webp_Invest-in-500-grams-Fine-Silver-Lady-Fortuna---PAMP-Suisse---Front__1_-min.webp&w=3840&q=75,https://www.goldmint.com/en/buy/silver/product/500-gram-fine-silver-bar-999-0-pamp-suisse-lady-fortuna,500 gram Silver Bar - PAMP Suisse Lady Fortuna,500 gram Silver Bar - PAMP Suisse Lady Fortuna,"� 1,146.04",Add to cart
https://www.goldmint.com/_next/image?url=https%3A%2F%2Fassets.goldmint.com%2Fuploads%2Fproduct_image%2Fimage%2F2639%2Fraw_webp_Silberbarren_100g_01-min.webp&w=3840&q=75,https://www.goldmint.com/en/buy/silver/product/100-gram-silver-bar-heraeus,100 gram Silver Bar - Heraeus,100 gram Silver Bar - Heraeus,� 161.56,Preorder
https://www.goldmint.com/_next/image?url=https%3A%2F%2Fassets.goldmint.com%2Fuploads%2Fproduct_image%2Fimage%2F2640%2Fraw_webp_SilberBarren_250g_02-min.webp&w=3840&q=75,https://www.goldmint.com/en/buy/silver/product/250-gram-silver-bar-heraeus,250 gram Silver Bar - Heraeus,250 gram Silver Bar - Heraeus,� 369.87,Add to cart
https://www.goldmint.com/_next/image?url=https%3A%2F%2Fassets.goldmint.com%2Fuploads%2Fproduct_image%2Fimage%2F2641%2Fraw_webp_101206_SilberBarren_500g-min.webp&w=3840&q=75,https://www.goldmint.com/en/buy/silver/product/500-gram-silver-bar-heraeus,500 gram Silver Bar - Heraeus,500 gram Silver Bar - Heraeus,� 717.24,Add to cart
https://www.goldmint.com/_next/image?url=https%3A%2F%2Fassets.goldmint.com%2Fuploads%2Fproduct_image%2Fimage%2F2642%2Fraw_webp_Silberbarren_AG_1_Kg_1-min.webp&w=3840&q=75,https://www.goldmint.com/en/buy/silver/product/1-kg-silver-bar-heraeus,1 kg Silver Bar - Heraeus,1 kg Silver Bar - Heraeus,"� 1,422.99",Add to cart
https://www.goldmint.com/_next/image?url=https%3A%2F%2Fassets.goldmint.com%2Fuploads%2Fproduct_image%2Fimage%2F2643%2Fraw_webp_Silberbarren_AG_5_Kg_01-min.webp&w=3840&q=75,https://www.goldmint.com/en/buy/silver/product/5-kg-silver-bar-heraeus-de49028c-ab67-4e6c-8d24-a967d371aa49,5 kg Silver Bar - Heraeus,5 kg Silver Bar - Heraeus,"� 7,029.15",Add to cart
https://www.goldmint.com/_next/image?url=https%3A%2F%2Fassets.goldmint.com%2Fuploads%2Fproduct_image%2Fimage%2F2816%2Fraw_webp_argors_heraeus_5kg_2-min.webp&w=3840&q=75,https://www.goldmint.com/en/buy/silver/product/5-kg-silver-bar-argor-heraeus,5 kg Silver Bar - Argor-Heraeus,5 kg Silver Bar - Argor-Heraeus,"� 6,970.10",Preorder
https://www.goldmint.com/_next/image?url=https%3A%2F%2Fassets.goldmint.com%2Fuploads%2Fproduct_image%2Fimage%2F2454%2Fraw_webp_SILVER-argor-heraeus-catalogo-20213715.webp&w=3840&q=75,https://www.goldmint.com/en/buy/silver/product/15-kg-silver-bar-argor-heraeus,15 kg Silver Bar - Argor-Heraeus,15 kg Silver Bar - Argor-Heraeus,"� 20,792.72",Preorder
https://www.goldmint.com/_next/image?url=https%3A%2F%2Fassets.goldmint.com%2Fuploads%2Fproduct_image%2Fimage%2F2155%2Fraw_webp_10oz_silver_canadianmint_1.webp&w=3840&q=75,https://www.goldmint.com/en/buy/silver/product/10-oz-fine-silver-bar-royal-canada-mint,10 ounce Silver Bar - Royal Canadian Mint,10 ounce Silver Bar - Royal Canadian Mint,� 454.51,Add to cart
https://www.goldmint.com/_next/image?url=https%3A%2F%2Fassets.goldmint.com%2Fuploads%2Fproduct_image%2Fimage%2F2158%2Fraw_webp_100oz_silver_canadianmint-min.webp&w=3840&q=75,https://www.goldmint.com/en/buy/silver/product/100-oz-fine-silver-bar-royal-canada-mint,100 ounce Silver Bar - Royal Canadian Mint,100 ounce Silver Bar - Royal Canadian Mint,"� 4,354.20",Add to cart
https://www.goldmint.com/_next/image?url=https%3A%2F%2Fassets.goldmint.com%2Fuploads%2Fproduct_image%2Fimage%2F2749%2Fraw_webp_anaconda_front_certipamp-min.webp&w=3840&q=75,https://www.goldmint.com/en/buy/silver/product/1-ounce-silver-bar-nature-s-grip-green-anaconda,1 ounce Silver Bar - Nature's Grip - Green Anaconda,1 ounce Silver Bar - Nature's Grip - Green Anaconda,� 102.71,Add to cart
https://www.goldmint.com/_next/image?url=https%3A%2F%2Fassets.goldmint.com%2Fuploads%2Fproduct_image%2Fimage%2F4169%2Fraw_webp_1.webp&w=3840&q=75,https://www.goldmint.com/en/buy/silver/product/1oz-silver-bar-star-of-david,1 Ounce Silver Bar - Star of David - 1,1 ounce Silver Bar - Star of David,� 101.82,Preorder
https://www.goldmint.com/_next/image?url=https%3A%2F%2Fassets.goldmint.com%2Fuploads%2Fproduct_image%2Fimage%2F2001%2Fraw_webp_rabbit_Ag_1oz_REV.webp&w=3840&q=75,https://www.goldmint.com/en/buy/silver/product/1-oz-fine-silver-bar-999-0-pamp-suisse-lunar-rabbit,1 ounce Silver Bar - PAMP Suisse Lunar Rabbit,1 ounce Silver Bar - PAMP Suisse Lunar Rabbit,� 61.39,Add to cart
https://www.goldmint.com/_next/image?url=https%3A%2F%2Fassets.goldmint.com%2Fuploads%2Fproduct_image%2Fimage%2F3228%2Fraw_webp_1.webp&w=3840&q=75,https://www.goldmint.com/en/buy/silver/product/1-ounce-silver-bar-pamp-suisse-lunar-snake-2025,1 ounce Silver Bar - PAMP Suisse Lunar Snake,1 ounce Silver Bar - PAMP Suisse Lunar Snake 2025,� 62.46,Add to cart
https://www.goldmint.com/_next/image?url=https%3A%2F%2Fassets.goldmint.com%2Fuploads%2Fproduct_image%2Fimage%2F3875%2Fraw_webp_1.webp&w=3840&q=75,https://www.goldmint.com/en/buy/silver/product/1-oz-silver-coin-ms70-pcgs-australian-swan-2025,1 ounce Silver Coin - MS-70 PCGS - Australian Swan 2025 - 1,1 ounce Silver Coin - MS-70 PCGS - Australian Swan 2025,� 106.89,Add to cart
https://www.goldmint.com/_next/image?url=https%3A%2F%2Fassets.goldmint.com%2Fuploads%2Fproduct_image%2Fimage%2F3883%2Fraw_webp_1.webp&w=3840&q=75,https://www.goldmint.com/en/buy/silver/product/1-oz-silver-coin-ms70-pcgs-australia-kookaburra-2025,1 ounce Silver Coin - MS-70 PCGS- Australia Kookburra 2025 - 1,1 ounce Silver Coin - MS-70 PCGS- Australia Kookaburra 2025,� 74.42,Add to cart
https://www.goldmint.com/_next/image?url=https%3A%2F%2Fassets.goldmint.com%2Fuploads%2Fproduct_image%2Fimage%2F3886%2Fraw_webp_1.webp&w=3840&q=75,https://www.goldmint.com/en/buy/silver/product/1-oz-silver-coin-ms70-pcgs-australia-koala-2025,1 ounce Silver Coin - MS-70 PCGS - Australia Koala 2025 - 1,1 ounce Silver Coin - MS-70 PCGS - Australia Koala 2025,� 79.99,Add to cart
https://www.goldmint.com/_next/image?url=https%3A%2F%2Fassets.goldmint.com%2Fuploads%2Fproduct_image%2Fimage%2F3954%2Fraw_webp_1.webp&w=3840&q=75,https://www.goldmint.com/en/buy/silver/product/1oz-silver-coin-switzerland-matterhorn-proof-2025,1 ounce Silver Coin - Switzerland Matterhorn Colored Proof 2025 - 1,1 ounce Silver Coin - Switzerland Matterhorn Colored Proof 2025,� 149.34,Add to cart
https://www.goldmint.com/_next/image?url=https%3A%2F%2Fassets.goldmint.com%2Fuploads%2Fproduct_image%2Fimage%2F3467%2Fraw_webp_1ozSR_v2-min.webp&w=3840&q=75,https://www.goldmint.com/en/buy/silver/product/1-ounce-silver-round-random-mint,1 ounce Silver Round - Random Mint -1,1 ounce Silver Round - Random Mint,� 43.20,Add to cart
https://www.goldmint.com/_next/image?url=https%3A%2F%2Fassets.goldmint.com%2Fuploads%2Fproduct_image%2Fimage%2F2049%2Fraw_webp_GAcoin_2-min.webp&w=3840&q=75,https://www.goldmint.com/en/buy/silver/product/1-oz-silver-coin-gold-avenue,1 ounce Silver Round - Gold Mint,1 ounce Silver Round - Gold Mint,� 43.53,Add to cart
https://www.goldmint.com/_next/image?url=https%3A%2F%2Fassets.goldmint.com%2Fuploads%2Fproduct_image%2Fimage%2F2786%2Fraw_webp_PAMP-1oz-Silver-Round-USA-WebImage-2000x2000px-rev-min.webp&w=3840&q=75,https://www.goldmint.com/en/buy/silver/product/1-ounce-silver-round-pamp,1 ounce Silver Round - PAMP,1 ounce Silver Round - PAMP,� 43.63,Add to cart
https://www.goldmint.com/_next/image?url=https%3A%2F%2Fassets.goldmint.com%2Fuploads%2Fproduct_image%2Fimage%2F3496%2Fraw_webp_1ozSC_v2-min.webp&w=3840&q=75,https://www.goldmint.com/en/buy/silver/product/1-ounce-silver-coin-random-mint,1 ounce Silver Coin - Random Mint -1,1 ounce Silver Coin - Random Mint,� 44.87,Add to cart
https://www.goldmint.com/_next/image?url=https%3A%2F%2Fassets.goldmint.com%2Fuploads%2Fproduct_image%2Fimage%2F1834%2Fraw_webp_1_oz_Fine_Silver_Coin_999__4_-min.webp&w=3840&q=75,https://www.goldmint.com/en/buy/silver/product/1-oz-fine-vat-free-silver-coin-999-9-maple-leaf-bu-mixed-years,1 oz Fine VAT FREE Silver Coin 999.9 - Maple Leaf BU Mixed Years front side,1 ounce Silver Coin - Maple Leaf BU - Mixed Years,� 45.22,Add to cart
https://www.goldmint.com/_next/image?url=https%3A%2F%2Fassets.goldmint.com%2Fuploads%2Fproduct_image%2Fimage%2F1831%2Fraw_webp_1_oz_Fine_Silver_Coin_999__2_-min.webp&w=3840&q=75,https://www.goldmint.com/en/buy/silver/product/1-oz-fine-vat-free-silver-coin-999-0-philharmonic-bu-mixed-years,1 oz Fine VAT FREE Silver Coin 999.0 - Philharmonic BU Mixed Years front side,1 ounce Silver Coin - Philharmonic BU - Mixed Years,� 45.33,Add to cart
https://www.goldmint.com/_next/image?url=https%3A%2F%2Fassets.goldmint.com%2Fuploads%2Fproduct_image%2Fimage%2F1898%2Fraw_webp_1_oz_Fine_Silver_Coin_Philharmonic.webp&w=3840&q=75,https://www.goldmint.com/en/buy/silver/product/20-coins-philharmonic-silver-tube-mixed,20 Coins Silver Tube - Philharmonic - Mixed Years,20 Coins Silver Tube - Philharmonic - Mixed Years,� 912.85,Add to cart
https://www.goldmint.com/_next/image?url=https%3A%2F%2Fassets.goldmint.com%2Fuploads%2Fproduct_image%2Fimage%2F3314%2Fraw_webp_1.webp&w=3840&q=75,https://www.goldmint.com/en/buy/silver/product/1-ounce-silver-philharmonic-2025,1 Ounce Silver Coin - Philharmonic 2025 - 1,1 ounce Silver Coin - Philharmonic 2025,� 45.75,Add to cart
https://www.goldmint.com/_next/image?url=https%3A%2F%2Fassets.goldmint.com%2Fuploads%2Fproduct_image%2Fimage%2F2134%2Fraw_webp_1_oz_Fine_Silver_Coin_999__2_-min.webp&w=3840&q=75,https://www.goldmint.com/en/buy/silver/product/1-oz-silver-coin-philharmonic-2024,1 ounce Silver Coin - Philharmonic 2024,1 ounce Silver Coin - Philharmonic 2024,� 46.16,Add to cart
https://www.goldmint.com/_next/image?url=https%3A%2F%2Fassets.goldmint.com%2Fuploads%2Fproduct_image%2Fimage%2F2129%2Fraw_webp_1_oz_Fine_Silver_Coin_999__2_-min.webp&w=3840&q=75,https://www.goldmint.com/en/buy/silver/product/1-oz-silver-coin-philharmonic-2023,1 ounce Silver Coin - Philharmonic 2023,1 ounce Silver Coin - Philharmonic 2023,� 46.08,Add to cart
https://www.goldmint.com/_next/image?url=https%3A%2F%2Fassets.goldmint.com%2Fuploads%2Fproduct_image%2Fimage%2F1844%2Fraw_webp_1_oz_Fine_Silver_Coin_999__1_-min.webp&w=3840&q=75,https://www.goldmint.com/en/buy/silver/product/1-oz-fine-vat-free-silver-coin-999-0-american-eagle-bu-mixed-years,Obverse (front) side of the 1 oz  American Eagle silver coin,1 ounce Silver Coin - American Eagle BU - Mixed Years,� 46.99,Add to cart
https://www.goldmint.com/_next/image?url=https%3A%2F%2Fassets.goldmint.com%2Fuploads%2Fproduct_image%2Fimage%2F2101%2Fraw_webp_usa-american-eagle-2024-1-oz-silber-min.webp&w=3840&q=75,https://www.goldmint.com/en/buy/silver/product/1-oz-silver-coin-american-eagle-2024,1 ounce Silver Coin - American Eagle 2024,1 ounce Silver Coin - American Eagle 2024,� 47.35,Add to cart
https://www.goldmint.com/_next/image?url=https%3A%2F%2Fassets.goldmint.com%2Fuploads%2Fproduct_image%2Fimage%2F2024%2Fraw_webp_silver_eagle_2023.webp&w=3840&q=75,https://www.goldmint.com/en/buy/silver/product/1-oz-silver-coin-american-eagle-2023,1 ounce Silver Coin - American Eagle 2023,1 ounce Silver Coin - American Eagle 2023,� 47.34,Add to cart
https://www.goldmint.com/_next/image?url=https%3A%2F%2Fassets.goldmint.com%2Fuploads%2Fproduct_image%2Fimage%2F3519%2Fraw_webp_847e58e9589d55df9b7bca2051aa7e9382f85976-900x900.webp&w=3840&q=75,https://www.goldmint.com/en/buy/silver/product/1-oz-silver-coin-american-eagle-bu-2019,1 oz Silver Coin - American Eagle BU 2019,1 oz Silver Coin - American Eagle BU 2019,� 96.74,Add to cart
https://www.goldmint.com/_next/image?url=https%3A%2F%2Fassets.goldmint.com%2Fuploads%2Fproduct_image%2Fimage%2F2042%2Fraw_webp_1ozSilverEagle2018_2-min__1_.webp&w=3840&q=75,https://www.goldmint.com/en/buy/silver/product/1-oz-silver-coin-american-eagle-bu-2018,1 ounce Silver Coin - American Eagle 2018,1 ounce Silver Coin - American Eagle 2018,� 84.98,Add to cart
https://www.goldmint.com/_next/image?url=https%3A%2F%2Fassets.goldmint.com%2Fuploads%2Fproduct_image%2Fimage%2F4119%2Fraw_webp_1.webp&w=3840&q=75,https://www.goldmint.com/en/buy/silver/product/16g-silver-coin-franc-a-cheval-2025,16 gram Silver Coin - French Franc a Cheval 2025 - 1,16 gram Silver Coin - French Franc a Cheval 2025,� 31.56,Add to cart
https://www.goldmint.com/_next/image?url=https%3A%2F%2Fassets.goldmint.com%2Fuploads%2Fproduct_image%2Fimage%2F4107%2Fraw_webp_1.webp&w=3840&q=75,https://www.goldmint.com/en/buy/silver/product/45g-silver-coin-franc-a-cheval-2025,45 gram Silver Coin - French Franc a Cheval 2025 - 1,45 gram Silver Coin - French Franc a Cheval 2025,� 132.79,Add to cart
https://www.goldmint.com/_next/image?url=https%3A%2F%2Fassets.goldmint.com%2Fuploads%2Fproduct_image%2Fimage%2F4076%2Fraw_webp_1.webp&w=3840&q=75,https://www.goldmint.com/en/buy/silver/product/1-ounce-silver-coin-maltese-cross-2025,1 ounce Silver Coin - Maltese Cross 2025 - 1,1 ounce Silver Coin - Maltese Cross 2025,� 46.14,Preorder
https://www.goldmint.com/_next/image?url=https%3A%2F%2Fassets.goldmint.com%2Fuploads%2Fproduct_image%2Fimage%2F3992%2Fraw_webp_1.webp&w=3840&q=75,https://www.goldmint.com/en/buy/silver/product/1oz-silver-coin-czech-lion-2025,1 ounce Silver Coin - Czech Lion 2025 - 1,1 ounce Silver Coin - Czech Lion 2025,� 51.28,Add to cart
https://www.goldmint.com/_next/image?url=https%3A%2F%2Fassets.goldmint.com%2Fuploads%2Fproduct_image%2Fimage%2F3995%2Fraw_webp_1.webp&w=3840&q=75,https://www.goldmint.com/en/buy/silver/product/2oz-silver-coin-czech-lion-2025,2 ounce Silver Coin - Czech Lion 2025 - 1,2 ounce Silver Coin - Czech Lion 2025,� 110.36,Add to cart
https://www.goldmint.com/_next/image?url=https%3A%2F%2Fassets.goldmint.com%2Fuploads%2Fproduct_image%2Fimage%2F3998%2Fraw_webp_1.webp&w=3840&q=75,https://www.goldmint.com/en/buy/silver/product/5oz-silver-coin-czech-lion-2025,5 ounce Silver Coin - Czech Lion 2025 - 1,5 ounce Silver Coin - Czech Lion 2025,� 271.23,Add to cart
https://www.goldmint.com/_next/image?url=https%3A%2F%2Fassets.goldmint.com%2Fuploads%2Fproduct_image%2Fimage%2F4000%2Fraw_webp_1.webp&w=3840&q=75,https://www.goldmint.com/en/buy/silver/product/10oz-silver-coin-czech-lion-2025,10 ounce Silver Coin - Czech Lion 2025 - 1,10 ounce Silver Coin - Czech Lion 2025,� 530.13,Add to cart
https://www.goldmint.com/_next/image?url=https%3A%2F%2Fassets.goldmint.com%2Fuploads%2Fproduct_image%2Fimage%2F4277%2Fraw_webp_1.webp&w=3840&q=75,https://www.goldmint.com/en/buy/silver/product/22-2g-silver-coin-unesco-notre-dame-2025,22.2 gram Silver Coin - Unesco Notre Dame Proof 2025 - 1,22.2 gram Silver Coin - Unesco Notre Dame Proof 2025,� 89.77,Add to cart
https://www.goldmint.com/_next/image?url=https%3A%2F%2Fassets.goldmint.com%2Fuploads%2Fproduct_image%2Fimage%2F4281%2Fraw_webp_1.webp&w=3840&q=75,https://www.goldmint.com/en/buy/silver/product/22-2g-silver-coin-unesco-colosseum-2025,22.2 gram Silver Coin - Unesco Colosseum Proof 2025 - 1,22.2 gram Silver Coin - Unesco Colosseum Proof 2025,� 89.77,Add to cart
https://www.goldmint.com/_next/image?url=https%3A%2F%2Fassets.goldmint.com%2Fuploads%2Fproduct_image%2Fimage%2F4273%2Fraw_webp_1.webp&w=3840&q=75,https://www.goldmint.com/en/buy/silver/product/22-2g-silver-coin-unesco-shuri-castle-2025,22.2 gram Silver Coin - Unesco Shuri Castle Proof 2025 - 1,22.2 gram Silver Coin - Unesco Shuri Castle Proof 2025,� 89.77,Add to cart
https://www.goldmint.com/_next/image?url=https%3A%2F%2Fassets.goldmint.com%2Fuploads%2Fproduct_image%2Fimage%2F4021%2Fraw_webp_1.webp&w=3840&q=75,https://www.goldmint.com/en/buy/silver/product/20g-silver-coin-switzerland-wind-energy-proof-2023,20 gram Silver Coin - Switzerland Wind Energy Proof 2023 - 1,20 gram Silver Coin - Switzerland Wind Energy Luminescent Proof 2023,� 103.74,Add to cart
https://www.goldmint.com/_next/image?url=https%3A%2F%2Fassets.goldmint.com%2Fuploads%2Fproduct_image%2Fimage%2F4017%2Fraw_webp_1.webp&w=3840&q=75,https://www.goldmint.com/en/buy/silver/product/20g-silver-coin-switzerland-solar-energy-proof-2022,20 gram Silver Coin - Switzerland Solar Energy Proof 2022 - 1,20 gram Silver Coin - Switzerland Solar Energy Luminescent Proof 2022,� 103.99,Add to cart
https://www.goldmint.com/_next/image?url=https%3A%2F%2Fassets.goldmint.com%2Fuploads%2Fproduct_image%2Fimage%2F4007%2Fraw_webp_1.webp&w=3840&q=75,https://www.goldmint.com/en/buy/silver/product/20g-silver-coin-switzerland-jean-tinguely-proof-2025,20 gram Silver Coin - Switzerland Jean Tinguely Proof 2025 - 1,20 gram Silver Coin - Switzerland Jean Tinguely Proof 2025,� 108.28,Add to cart
https://www.goldmint.com/_next/image?url=https%3A%2F%2Fassets.goldmint.com%2Fuploads%2Fproduct_image%2Fimage%2F4011%2Fraw_webp_1.webp&w=3840&q=75,https://www.goldmint.com/en/buy/silver/product/20g-silver-coin-switzerland-schilthorn-proof-2024,20 gram Silver Coin - Switzerland Schilthorn Proof 2024 - 1,20 gram Silver Coin - Switzerland Schilthorn Proof 2024,� 103.99,Add to cart
https://www.goldmint.com/_next/image?url=https%3A%2F%2Fassets.goldmint.com%2Fuploads%2Fproduct_image%2Fimage%2F4014%2Fraw_webp_1.webp&w=3840&q=75,https://www.goldmint.com/en/buy/silver/product/20g-silver-coin-switzerland-titlis-proof-2023,20 gram Silver Coin - Switzerland Titlis Proof 2023 - 1,20 gram Silver Coin - Switzerland Titlis Proof 2023,� 103.99,Add to cart
https://www.goldmint.com/_next/image?url=https%3A%2F%2Fassets.goldmint.com%2Fuploads%2Fproduct_image%2Fimage%2F1529%2Fraw_webp_1-arche-motiv-min.webp&w=3840&q=75,https://www.goldmint.com/en/buy/silver/product/1-oz-fine-silver-coin-vat-free-999-0-noah-s-ark-armenia-mixed-years,1 ounce Silver Coin - Noah's Ark Armenia - Mixed Years,1 ounce Silver Coin - Noah's Ark Armenia - Mixed Years,� 44.66,Add to cart
https://www.goldmint.com/_next/image?url=https%3A%2F%2Fassets.goldmint.com%2Fuploads%2Fproduct_image%2Fimage%2F3326%2Fraw_webp_1.webp&w=3840&q=75,https://www.goldmint.com/en/buy/silver/product/1-ounce-silver-coin-armenia-noah-s-ark-2025,1 Ounce Silver Coin - Armenia Noah's Ark 2025 - 1,1 ounce Silver Coin - Armenia Noah's Ark 2025,� 44.69,Add to cart
https://www.goldmint.com/_next/image?url=https%3A%2F%2Fassets.goldmint.com%2Fuploads%2Fproduct_image%2Fimage%2F3905%2Fraw_webp_11c1de7280457f56995ba972878431fdcbde9699-900x900.webp&w=3840&q=75,https://www.goldmint.com/en/buy/silver/product/5x1-oz-silver-coin-set-africa-big-five-2025-prooflike,5x1 ounce Silver Coin Set - Big Five of Africa 2025 Proof Like,5x1 ounce Silver Coin Set - Big Five of Africa 2025 Proof Like,� 777.59,Add to cart
https://www.goldmint.com/_next/image?url=https%3A%2F%2Fassets.goldmint.com%2Fuploads%2Fproduct_image%2Fimage%2F3704%2Fraw_webp_1.webp&w=3840&q=75,https://www.goldmint.com/en/buy/silver/product/1-ounce-silver-coin-australia-koala-2025,1 Ounce Silver Coin - Australia Koala 2025 - 1,1 Ounce Silver Coin - Australia Koala 2025,� 46.70,Add to cart
